{
    "header":{
        "StorageCapacityBytes":"4194304",
        "ServicePackFileLocation":"sp_3.5.0.0_2.0.0.0_2.2.0.5.bin",
        "Description":"out of box for development\nbased on v3.0-ED from R&D",
        "UseKey":false,
        "ProductionNWP":"1",
        "KeyFileLocation":"",
        "DeviceType":"CC3220SF",
        "Mode":"development",
        "ReturnToFactoryGPIO":"0",
        "DEV_MAC_ADDR":"98:84:e3:f6:70:09",
        "Name":"Portable_WiFi_SF",
        "EnableReturnToFactory":"defaults_and_image",
        "UseDefaultCertStore":false,
        "IsTheDeviceSecure":true
    },
    "systemFiles":{
        "FILES":{
            "SP_FILE_NAME":"sp_3.5.0.0_2.0.0.0_2.2.0.5.bin",
            "SystemFileId":"FILES",
            "CS_FILE_NAME":"certcatalogPlayGround20160911.lst",
            "CSS_FILE_NAME":"certcatalogPlayGround20160911.lst.signed.bin"
        },
        "CONFIG_TYPE_IP_CONFIG":{
            "AP_SUBNET_MASK":null,
            "AP_IPV6_DNS_SERVER":null,
            "AP_ARP_RENEW_TIME":null,
            "AP_DEFAULT_GATEWAY":"10.123.45.1",
            "AP_IPV4_DNS_SERVER":"10.123.45.1",
            "STA_DHCP_CLIENT_TIME_OUT":null,
            "STA_IPV4_DNS_SERVER":"192.168.1.31",
            "STA_STATIC_IPV6_LOCAL_ADDRESS":null,
            "AP_DHCP_CLIENT_TIME_OUT":null,
            "AP_DHCP_SERVER_LAST_IP_ADDRESS":"10.123.45.254",
            "STA_INACTIVITY_TIME":null,
            "AP_STATIC_IPV6_GLOBAL_ADDRESS":null,
            "STA_IPV6_DNS_SERVER":null,
            "STA_SUBNET_MASK":"255.255.255.0",
            "AP_KEEP_ALIVE_TIME":null,
            "STA_ARP_RENEW_TIME":null,
            "AP_STATIC_IP":"10.123.45.1",
            "STA_STATIC_IPV6_GLOBAL_ADDRESS":null,
            "AP_DNS_CLIENT_TIME":null,
            "STA_DNS_CLIENT_TIME":null,
            "AP_DHCP_SERVER_MODE":null,
            "AP_STATIC_IPV6_LOCAL_ADDRESS":null,
            "STA_DEFAULT_GATEWAY":"192.168.1.31",
            "AP_DHCP_SERVER_START_IP_ADDRESS":"10.123.45.2",
            "STA_IP_MODE":"True",
            "STA_DHCP_SERVER_START_IP_ADDRESS":null,
            "STA_STATIC_IP":"192.168.1.101",
            "SystemFileId":"CONFIG_TYPE_IP_CONFIG",
            "STA_KEEP_ALIVE_TIME":null,
            "AP_IP_MODE":null,
            "STA_DHCP_SERVER_LAST_IP_ADDRESS":null,
            "AP_INACTIVITY_TIME":null,
            "STA_DHCP_SERVER_MODE":null
        },
        "CONFIG_TYPE_DEVICE_NAME":{
            "DEVICE_URN":"mysimplelink",
            "DOMAIN_NAME":"mysimplelink.net"
        },
        "CONFIG_TYPE_AP":{
            "SSID":"mysimplelink",
            "SECURITY":"0",
            "PASSWORD":"",
            "HIDDEN_SSID":"0",
            "CHANNEL":"1",
            "MAX_STT":"4"
        },
        "CONFIG_TYPE_MAC":{
            "USE_DEFAULT":1,
            "SystemFileId":"CONFIG_TYPE_MAC",
            "MAC_ADDR":"08:00:28:11:22:33"
        },
        "CONFIG_TYPE_MODE":{
            "SL_EVENT_CLASS_NETCFG":0,
            "PROVISIONING_SAVED_ROLE":0,
            "SL_EVENT_CLASS_FS":0,
            "AUTO_PROV_EXTERNAL_CONFIRMATION":"0",
            "PROVISIONING_MODE":2,
            "SL_EVENT_CLASS_WLAN":0,
            "AP_START_APPS":15,
            "SL_EVENT_CLASS_GLOBAL":0,
            "PROVISIONING_STATE":0,
            "SL_EVENT_CLASS_BSD":0,
            "PROVISIONING_SAVED_AUTO_START":1,
            "P2P_GO_START_APPS":15,
            "COUNTRY_CODE":"0",
            "PROVISIONING_RESULT":0,
            "STA_START_APPS":5,
            "PHY_AP_HIGH_TX_POWER":0,
            "SL_EVENT_CLASS_DEVICE":0,
            "SystemFileId":"CONFIG_TYPE_MODE",
            "PROVISIONING_MONITOR_TIMER":0,
            "P2P_CLS_START_APPS":5,
            "AP_TX_POWER_LEVEL":"0",
            "START_ROLE":"2",
            "SL_EVENT_CLASS_NETAPP":0,
            "PHY_CAL_MODE":"0",
            "PHY_STA_HIGH_TX_POWER":0,
            "STA_TX_POWER_LEVEL":"0",
            "IGNORE_FORCE_AP":"0",
            "PROVISIONING_ROLE_AFTER_SUCCESS":0
        },
        "CONFIG_TYPE_STA_CONFIG":{
            "USEFASTCONNECT":"0",
            "AUTOSTART":"1",
            "AUTOPROVISIONING":"0",
            "CONNECTTOANYP2P":"0"
        },
        "CONFIG_TYPE_DHCP_SRV":{
            "AP_DHCP_SERVER_LAST_IP_ADDRESS":"10.123.45.254",
            "SystemFileId":"CONFIG_TYPE_DHCP_SRV",
            "AP_DHCP_SERVER_START_IP_ADDRESS":"10.123.45.2",
            "AP_DHCP_SERVER_LEASE_TIME":"24"
        }
    }
}